,design,n,mpnn,plddt,i_ptm,i_pae,rmsd,seq
0,0,0,1.4029242889909943,0.8021412044763565,0.11161769181489944,24.863939702510834,10.048273086547852,NPPTFSPALLVVTEGDNATFTCSFSNTSESFVLNWYRMSPSNQTDKLAAFPESRFRVTQLPNGRDFHMSVVRARRNDSGTYLCGAISLAPKAQIKESLRAELRVTE/LEEQRKALLEALK
1,0,1,1.4210537787198412,0.7711264789104462,0.09529295563697815,25.930001139640808,11.44162368774414,NPPTFSPALLVVTEGDNATFTCSFSNTSESFVLNWYRMSPSNQTDKLAAFPESRFRVTQLPNGRDFHMSVVRARRNDSGTYLCGAISLAPKAQIKESLRAELRVTE/LEEQRQQLLAELE
2,0,2,1.4543243360336233,0.7200681865215302,0.12339608371257782,23.484070360660553,9.268327713012695,NPPTFSPALLVVTEGDNATFTCSFSNTSESFVLNWYRMSPSNQTDKLAAFPESRFRVTQLPNGRDFHMSVVRARRNDSGTYLCGAISLAPKAQIKESLRAELRVTE/LEEQREALLAALK
3,0,3,1.466272369045479,0.7462237477302551,0.12676787376403809,24.373877346515656,7.050864219665527,NPPTFSPALLVVTEGDNATFTCSFSNTSESFVLNWYRMSPSNQTDKLAAFPESRFRVTQLPNGRDFHMSVVRARRNDSGTYLCGAISLAPKAQIKESLRAELRVTE/LEAQRQALLAELK
4,0,4,1.3616953653626507,0.7404940724372864,0.14655107259750366,22.750419914722443,6.048768997192383,NPPTFSPALLVVTEGDNATFTCSFSNTSESFVLNWYRMSPSNQTDKLAAFPESRFRVTQLPNGRDFHMSVVRARRNDSGTYLCGAISLAPKAQIKESLRAELRVTE/LEAQRQALLEALK
5,0,5,1.4884588454791126,0.6397945880889893,0.1114954948425293,24.264566659927368,7.139773368835449,NPPTFSPALLVVTEGDNATFTCSFSNTSESFVLNWYRMSPSNQTDKLAAFPESRFRVTQLPNGRDFHMSVVRARRNDSGTYLCGAISLAPKAQIKESLRAELRVTE/LEAQRQALEQALL
6,0,6,1.4361943763450775,0.7059831321239471,0.12013901770114899,23.77174746990204,7.250317096710205,NPPTFSPALLVVTEGDNATFTCSFSNTSESFVLNWYRMSPSNQTDKLAAFPESRFRVTQLPNGRDFHMSVVRARRNDSGTYLCGAISLAPKAQIKESLRAELRVTE/LQAQREALLAALK
7,0,7,1.3808434824225209,0.7131805419921875,0.13231699168682098,22.91751140356064,6.969906330108643,NPPTFSPALLVVTEGDNATFTCSFSNTSESFVLNWYRMSPSNQTDKLAAFPESRFRVTQLPNGRDFHMSVVRARRNDSGTYLCGAISLAPKAQIKESLRAELRVTE/LEAQREALLAALK
8,1,0,1.5622021314635,0.5650588274002075,0.11366790533065796,24.064263820648193,11.210661888122559,NPPTFSPALLVVTEGDNATFTCSFSNTSESFVLNWYRMSPSNQTDKLAAFPESRFRVTQLPNGRDFHMSVVRARRNDSGTYLCGAISLAPKAQIKESLRAELRVTE/TAEELALQHLLSL
9,1,1,1.3674440006594517,0.7078644633293152,0.12652689218521118,23.271666646003723,11.07465934753418,NPPTFSPALLVVTEGDNATFTCSFSNTSESFVLNWYRMSPSNQTDKLAAFPESRFRVTQLPNGRDFHMSVVRARRNDSGTYLCGAISLAPKAQIKESLRAELRVTE/SAEELAQQFLESL
10,1,2,1.395931084641134,0.5602127909660339,0.14168281853199005,21.688501119613647,9.360417366027832,NPPTFSPALLVVTEGDNATFTCSFSNTSESFVLNWYRMSPSNQTDKLAAFPESRFRVTQLPNGRDFHMSVVRARRNDSGTYLCGAISLAPKAQIKESLRAELRVTE/SAEALAAQYAALL
11,1,3,1.4612924261956755,0.6082109808921814,0.16244781017303467,21.240757644176483,7.466815948486328,NPPTFSPALLVVTEGDNATFTCSFSNTSESFVLNWYRMSPSNQTDKLAAFPESRFRVTQLPNGRDFHMSVVRARRNDSGTYLCGAISLAPKAQIKESLRAELRVTE/SAEELAELYLKLQ
12,1,4,1.3903144358063841,0.7650242149829865,0.08007088303565979,25.719772219657898,7.061235427856445,NPPTFSPALLVVTEGDNATFTCSFSNTSESFVLNWYRMSPSNQTDKLAAFPESRFRVTQLPNGRDFHMSVVRARRNDSGTYLCGAISLAPKAQIKESLRAELRVTE/SAEELAEEFAKLL
13,1,5,1.4469001671775048,0.7071748673915863,0.07799270749092102,25.83620411157608,13.518464088439941,NPPTFSPALLVVTEGDNATFTCSFSNTSESFVLNWYRMSPSNQTDKLAAFPESRFRVTQLPNGRDFHMSVVRARRNDSGTYLCGAISLAPKAQIKESLRAELRVTE/SAEELAELFQLLQ
14,1,6,1.4242404459121232,0.6576896011829376,0.11462187021970749,23.256648182868958,9.832820892333984,NPPTFSPALLVVTEGDNATFTCSFSNTSESFVLNWYRMSPSNQTDKLAAFPESRFRVTQLPNGRDFHMSVVRARRNDSGTYLCGAISLAPKAQIKESLRAELRVTE/SAEELAALYAELL
15,1,7,1.468908732916566,0.7566737681627274,0.09266677498817444,24.693293154239655,8.937902450561523,NPPTFSPALLVVTEGDNATFTCSFSNTSESFVLNWYRMSPSNQTDKLAAFPESRFRVTQLPNGRDFHMSVVRARRNDSGTYLCGAISLAPKAQIKESLRAELRVTE/SAEELARLAAEAL
16,2,0,1.5540912895902612,0.642265796661377,0.05903487652540207,27.462510764598846,19.877574920654297,NPPTFSPALLVVTEGDNATFTCSFSNTSESFVLNWYRMSPSNQTDKLAAFPESRFRVTQLPNGRDFHMSVVRARRNDSGTYLCGAISLAPKAQIKESLRAELRVTE/SALEELLAALALL
17,2,1,1.6857533052205007,0.6279860138893127,0.053795039653778076,27.70256781578064,17.62923812866211,NPPTFSPALLVVTEGDNATFTCSFSNTSESFVLNWYRMSPSNQTDKLAAFPESRFRVTQLPNGRDFHMSVVRARRNDSGTYLCGAISLAPKAQIKESLRAELRVTE/SSLLESLLALLLQ
18,2,2,1.5312166614858207,0.47086697816848755,0.06732860207557678,27.603563845157623,32.3231086730957,NPPTFSPALLVVTEGDNATFTCSFSNTSESFVLNWYRMSPSNQTDKLAAFPESRFRVTQLPNGRDFHMSVVRARRNDSGTYLCGAISLAPKAQIKESLRAELRVTE/SSLLESLLSSLLL
19,2,3,1.6079457229386451,0.5751678645610809,0.05362273380160332,27.904618620872498,16.153011322021484,NPPTFSPALLVVTEGDNATFTCSFSNTSESFVLNWYRMSPSNQTDKLAAFPESRFRVTQLPNGRDFHMSVVRARRNDSGTYLCGAISLAPKAQIKESLRAELRVTE/SLLLEKLLSELLL
20,2,4,1.5557755036490888,0.6855339109897614,0.0713324025273323,26.901537537574768,11.94133472442627,NPPTFSPALLVVTEGDNATFTCSFSNTSESFVLNWYRMSPSNQTDKLAAFPESRFRVTQLPNGRDFHMSVVRARRNDSGTYLCGAISLAPKAQIKESLRAELRVTE/AEEEERLLAEQLL
21,2,5,1.4299875716066721,0.8068003058433533,0.05326519161462784,27.6700918674469,19.074052810668945,NPPTFSPALLVVTEGDNATFTCSFSNTSESFVLNWYRMSPSNQTDKLAAFPESRFRVTQLPNGRDFHMSVVRARRNDSGTYLCGAISLAPKAQIKESLRAELRVTE/SLLEELLKALALL
22,2,6,1.5665007496668044,0.7845597565174103,0.07162706553936005,26.3321293592453,9.439736366271973,NPPTFSPALLVVTEGDNATFTCSFSNTSESFVLNWYRMSPSNQTDKLAAFPESRFRVTQLPNGRDFHMSVVRARRNDSGTYLCGAISLAPKAQIKESLRAELRVTE/SELEELLQTLLLL
23,2,7,1.5081017716434484,0.7505607008934021,0.0638740137219429,26.895536065101624,13.678084373474121,NPPTFSPALLVVTEGDNATFTCSFSNTSESFVLNWYRMSPSNQTDKLAAFPESRFRVTQLPNGRDFHMSVVRARRNDSGTYLCGAISLAPKAQIKESLRAELRVTE/SLLQELLQTLQLL
24,3,0,1.5020016695352971,0.7586432844400406,0.06905891001224518,26.10544627904892,23.59367561340332,NPPTFSPALLVVTEGDNATFTCSFSNTSESFVLNWYRMSPSNQTDKLAAFPESRFRVTQLPNGRDFHMSVVRARRNDSGTYLCGAISLAPKAQIKESLRAELRVTE/MSPEELRAALIAS
25,3,1,1.5258628209921152,0.7269166111946106,0.08823011815547943,24.676602482795715,8.987122535705566,NPPTFSPALLVVTEGDNATFTCSFSNTSESFVLNWYRMSPSNQTDKLAAFPESRFRVTQLPNGRDFHMSVVRARRNDSGTYLCGAISLAPKAQIKESLRAELRVTE/LTPEERLAALIAS
26,3,2,1.4565486713355855,0.759799599647522,0.09115944802761078,24.89349067211151,5.736418724060059,NPPTFSPALLVVTEGDNATFTCSFSNTSESFVLNWYRMSPSNQTDKLAAFPESRFRVTQLPNGRDFHMSVVRARRNDSGTYLCGAISLAPKAQIKESLRAELRVTE/MTLEERLQALIEE
27,3,3,1.5107795767900267,0.7397235929965973,0.09372580796480179,25.067428052425385,6.312623977661133,NPPTFSPALLVVTEGDNATFTCSFSNTSESFVLNWYRMSPSNQTDKLAAFPESRFRVTQLPNGRDFHMSVVRARRNDSGTYLCGAISLAPKAQIKESLRAELRVTE/MSLEEKLQALIEE
28,3,4,1.6330987294179269,0.7247105538845062,0.07575435936450958,26.099415242671967,8.607423782348633,NPPTFSPALLVVTEGDNATFTCSFSNTSESFVLNWYRMSPSNQTDKLAAFPESRFRVTQLPNGRDFHMSVVRARRNDSGTYLCGAISLAPKAQIKESLRAELRVTE/VSLEELLQQLILS
29,3,5,1.557038241802602,0.7465578317642212,0.09663839638233185,24.568725645542145,8.974716186523438,NPPTFSPALLVVTEGDNATFTCSFSNTSESFVLNWYRMSPSNQTDKLAAFPESRFRVTQLPNGRDFHMSVVRARRNDSGTYLCGAISLAPKAQIKESLRAELRVTE/PSLEELLQALIES
30,3,6,1.6372376621930282,0.7502862364053726,0.07837957888841629,25.429042637348175,11.435794830322266,NPPTFSPALLVVTEGDNATFTCSFSNTSESFVLNWYRMSPSNQTDKLAAFPESRFRVTQLPNGRDFHMSVVRARRNDSGTYLCGAISLAPKAQIKESLRAELRVTE/TTLEEQIEALISS
31,3,7,1.586543586317494,0.7211917638778687,0.10462149977684021,24.24665093421936,13.278094291687012,NPPTFSPALLVVTEGDNATFTCSFSNTSESFVLNWYRMSPSNQTDKLAAFPESRFRVTQLPNGRDFHMSVVRARRNDSGTYLCGAISLAPKAQIKESLRAELRVTE/MTEEERLLALILS
32,4,0,1.7560404663149451,0.6433781683444977,0.0710008293390274,26.45061594247818,10.485845565795898,NPPTFSPALLVVTEGDNATFTCSFSNTSESFVLNWYRMSPSNQTDKLAAFPESRFRVTQLPNGRDFHMSVVRARRNDSGTYLCGAISLAPKAQIKESLRAELRVTE/AERLAEQLALLLS
33,4,1,1.6870798272213336,0.5932715237140656,0.06187426298856735,27.422344505786896,15.844168663024902,NPPTFSPALLVVTEGDNATFTCSFSNTSESFVLNWYRMSPSNQTDKLAAFPESRFRVTQLPNGRDFHMSVVRARRNDSGTYLCGAISLAPKAQIKESLRAELRVTE/SSSLLSRLQLVLS
34,4,2,1.6882747994787624,0.7256952226161957,0.1434256136417389,22.194212019443512,14.291287422180176,NPPTFSPALLVVTEGDNATFTCSFSNTSESFVLNWYRMSPSNQTDKLAAFPESRFRVTQLPNGRDFHMSVVRARRNDSGTYLCGAISLAPKAQIKESLRAELRVTE/SSLLEQIRQLLES
35,4,3,1.5669921395279,0.7878267467021942,0.08401715010404587,25.23334437608719,11.475797653198242,NPPTFSPALLVVTEGDNATFTCSFSNTSESFVLNWYRMSPSNQTDKLAAFPESRFRVTQLPNGRDFHMSVVRARRNDSGTYLCGAISLAPKAQIKESLRAELRVTE/SLEELLKQLLLES
36,4,4,1.6888861047151085,0.6073282957077026,0.08750881254673004,25.781396329402924,11.003657341003418,NPPTFSPALLVVTEGDNATFTCSFSNTSESFVLNWYRMSPSNQTDKLAAFPESRFRVTQLPNGRDFHMSVVRARRNDSGTYLCGAISLAPKAQIKESLRAELRVTE/AERLQQLLQLVLS
37,4,5,1.68146821727155,0.5842114686965942,0.30570435523986816,16.592408418655396,14.68991470336914,NPPTFSPALLVVTEGDNATFTCSFSNTSESFVLNWYRMSPSNQTDKLAAFPESRFRVTQLPNGRDFHMSVVRARRNDSGTYLCGAISLAPKAQIKESLRAELRVTE/SSYLQYLQELVES
38,4,6,1.684206434018048,0.6299332678318024,0.1900959610939026,21.012370944023132,14.802441596984863,NPPTFSPALLVVTEGDNATFTCSFSNTSESFVLNWYRMSPSNQTDKLAAFPESRFRVTQLPNGRDFHMSVVRARRNDSGTYLCGAISLAPKAQIKESLRAELRVTE/SSLLQQLQQLVES
39,4,7,1.714565651748472,0.6863444149494171,0.15325316786766052,21.950043737888336,12.679572105407715,NPPTFSPALLVVTEGDNATFTCSFSNTSESFVLNWYRMSPSNQTDKLAAFPESRFRVTQLPNGRDFHMSVVRARRNDSGTYLCGAISLAPKAQIKESLRAELRVTE/SLYQQLLQELVES
40,5,0,1.5877056063763324,0.7665429711341858,0.08732353150844574,25.795392990112305,21.063886642456055,NPPTFSPALLVVTEGDNATFTCSFSNTSESFVLNWYRMSPSNQTDKLAAFPESRFRVTQLPNGRDFHMSVVRARRNDSGTYLCGAISLAPKAQIKESLRAELRVTE/ELEQLRQQFLAAR
41,5,1,1.6402061339746028,0.8700371086597443,0.08343055844306946,25.89401078224182,15.63315200805664,NPPTFSPALLVVTEGDNATFTCSFSNTSESFVLNWYRMSPSNQTDKLAAFPESRFRVTQLPNGRDFHMSVVRARRNDSGTYLCGAISLAPKAQIKESLRAELRVTE/ELEEIRKKLEELR
42,5,2,1.6764045574057376,0.8212969452142715,0.07615658640861511,26.273010790348053,10.893183708190918,NPPTFSPALLVVTEGDNATFTCSFSNTSESFVLNWYRMSPSNQTDKLAAFPESRFRVTQLPNGRDFHMSVVRARRNDSGTYLCGAISLAPKAQIKESLRAELRVTE/ELEELRERFLKER
43,5,3,1.701946275575623,0.6640291213989258,0.07874643802642822,25.686377942562103,14.42114543914795,NPPTFSPALLVVTEGDNATFTCSFSNTSESFVLNWYRMSPSNQTDKLAAFPESRFRVTQLPNGRDFHMSVVRARRNDSGTYLCGAISLAPKAQIKESLRAELRVTE/DLEKLRLLFELSK
44,5,4,1.7352763492734107,0.6687254905700684,0.05962633714079857,27.173815548419952,14.523371696472168,NPPTFSPALLVVTEGDNATFTCSFSNTSESFVLNWYRMSPSNQTDKLAAFPESRFRVTQLPNGRDFHMSVVRARRNDSGTYLCGAISLAPKAQIKESLRAELRVTE/DLLELRLRFLLSR
45,5,5,1.5512893508935746,0.7565056085586548,0.09430162608623505,24.058933079242706,9.89453411102295,NPPTFSPALLVVTEGDNATFTCSFSNTSESFVLNWYRMSPSNQTDKLAAFPESRFRVTQLPNGRDFHMSVVRARRNDSGTYLCGAISLAPKAQIKESLRAELRVTE/DLAALRAAFEAAR
46,5,6,1.660665437447963,0.569672018289566,0.11660642921924591,24.149047553539276,17.334579467773438,NPPTFSPALLVVTEGDNATFTCSFSNTSESFVLNWYRMSPSNQTDKLAAFPESRFRVTQLPNGRDFHMSVVRARRNDSGTYLCGAISLAPKAQIKESLRAELRVTE/ELEQLRLLFELQR
47,5,7,1.6893583706551913,0.751323476433754,0.12177184224128723,24.076593816280365,22.99130630493164,NPPTFSPALLVVTEGDNATFTCSFSNTSESFVLNWYRMSPSNQTDKLAAFPESRFRVTQLPNGRDFHMSVVRARRNDSGTYLCGAISLAPKAQIKESLRAELRVTE/ELEQLRQQILAAK
48,6,0,1.7862280043286574,0.8141783326864243,0.05717173591256142,28.046214938163757,33.29775619506836,NPPTFSPALLVVTEGDNATFTCSFSNTSESFVLNWYRMSPSNQTDKLAAFPESRFRVTQLPNGRDFHMSVVRARRNDSGTYLCGAISLAPKAQIKESLRAELRVTE/SFLLQLLSFLLNR
49,6,1,1.8680129311937526,0.5413102805614471,0.048297248780727386,28.632217705249786,35.058860778808594,NPPTFSPALLVVTEGDNATFTCSFSNTSESFVLNWYRMSPSNQTDKLAAFPESRFRVTQLPNGRDFHMSVVRARRNDSGTYLCGAISLAPKAQIKESLRAELRVTE/LAPLLLQLTLLLR
50,6,2,1.737673661839351,0.7014049589633942,0.12161394208669662,23.363678753376007,12.093539237976074,NPPTFSPALLVVTEGDNATFTCSFSNTSESFVLNWYRMSPSNQTDKLAAFPESRFRVTQLPNGRDFHMSVVRARRNDSGTYLCGAISLAPKAQIKESLRAELRVTE/EAEELLKEFLLNS
51,6,3,1.789666256995127,0.5608638525009155,0.05299219489097595,28.057813227176666,31.727991104125977,NPPTFSPALLVVTEGDNATFTCSFSNTSESFVLNWYRMSPSNQTDKLAAFPESRFRVTQLPNGRDFHMSVVRARRNDSGTYLCGAISLAPKAQIKESLRAELRVTE/SFLLNLLLSKLFS
52,6,4,1.7674785105240634,0.7749534696340561,0.0714944452047348,26.454985857009888,24.452341079711914,NPPTFSPALLVVTEGDNATFTCSFSNTSESFVLNWYRMSPSNQTDKLAAFPESRFRVTQLPNGRDFHMSVVRARRNDSGTYLCGAISLAPKAQIKESLRAELRVTE/SFAELLAQFLLNS
53,6,5,1.741544850550327,0.5916454792022705,0.10376939177513123,24.409008502960205,14.505125999450684,NPPTFSPALLVVTEGDNATFTCSFSNTSESFVLNWYRMSPSNQTDKLAAFPESRFRVTQLPNGRDFHMSVVRARRNDSGTYLCGAISLAPKAQIKESLRAELRVTE/DFLKQLELFLTER
54,6,6,1.7644378208379399,0.8067280501127243,0.06125418096780777,27.380302786827087,27.08399772644043,NPPTFSPALLVVTEGDNATFTCSFSNTSESFVLNWYRMSPSNQTDKLAAFPESRFRVTQLPNGRDFHMSVVRARRNDSGTYLCGAISLAPKAQIKESLRAELRVTE/SFLEALQQFLLLS
55,6,7,1.6174778788302138,0.656864732503891,0.06485641002655029,27.09725797176361,18.951377868652344,NPPTFSPALLVVTEGDNATFTCSFSNTSESFVLNWYRMSPSNQTDKLAAFPESRFRVTQLPNGRDFHMSVVRARRNDSGTYLCGAISLAPKAQIKESLRAELRVTE/SFLSELQSFLLNR
56,7,0,1.4590568829280177,0.5747167766094208,0.08191142976284027,25.25978374481201,11.787881851196289,NPPTFSPALLVVTEGDNATFTCSFSNTSESFVLNWYRMSPSNQTDKLAAFPESRFRVTQLPNGRDFHMSVVRARRNDSGTYLCGAISLAPKAQIKESLRAELRVTE/DAVVQALIAQKQG
57,7,1,1.4694218486706656,0.4171115756034851,0.09408408403396606,25.783502757549286,10.178772926330566,NPPTFSPALLVVTEGDNATFTCSFSNTSESFVLNWYRMSPSNQTDKLAAFPESRFRVTQLPNGRDFHMSVVRARRNDSGTYLCGAISLAPKAQIKESLRAELRVTE/DEVVQQLILEKQG
58,7,2,1.55916534358912,0.6091772019863129,0.16722169518470764,21.19804149866104,12.679407119750977,NPPTFSPALLVVTEGDNATFTCSFSNTSESFVLNWYRMSPSNQTDKLAAFPESRFRVTQLPNGRDFHMSVVRARRNDSGTYLCGAISLAPKAQIKESLRAELRVTE/DATIEELVAQAQG
59,7,3,1.4454344889636055,0.6024570465087891,0.10061854124069214,24.0448939204216,16.5074462890625,NPPTFSPALLVVTEGDNATFTCSFSNTSESFVLNWYRMSPSNQTDKLAAFPESRFRVTQLPNGRDFHMSVVRARRNDSGTYLCGAISLAPKAQIKESLRAELRVTE/DALVDALIAEKQG
60,7,4,1.4403934009182549,0.6005468666553497,0.08571004867553711,25.88911610841751,17.285263061523438,NPPTFSPALLVVTEGDNATFTCSFSNTSESFVLNWYRMSPSNQTDKLAAFPESRFRVTQLPNGRDFHMSVVRARRNDSGTYLCGAISLAPKAQIKESLRAELRVTE/DALVESLIAEKEG
61,7,5,1.4680438511816496,0.5051032304763794,0.0760105550289154,25.67202651500702,25.83196449279785,NPPTFSPALLVVTEGDNATFTCSFSNTSESFVLNWYRMSPSNQTDKLAAFPESRFRVTQLPNGRDFHMSVVRARRNDSGTYLCGAISLAPKAQIKESLRAELRVTE/DAVVASLIAQAQG
62,7,6,1.4637549783377586,0.596215695142746,0.07638631761074066,25.864703714847565,16.071298599243164,NPPTFSPALLVVTEGDNATFTCSFSNTSESFVLNWYRMSPSNQTDKLAAFPESRFRVTQLPNGRDFHMSVVRARRNDSGTYLCGAISLAPKAQIKESLRAELRVTE/DEVVAQLIAEAEG
63,7,7,1.3757774956830777,0.5518606007099152,0.0916389599442482,25.430245518684387,34.9386100769043,NPPTFSPALLVVTEGDNATFTCSFSNTSESFVLNWYRMSPSNQTDKLAAFPESRFRVTQLPNGRDFHMSVVRARRNDSGTYLCGAISLAPKAQIKESLRAELRVTE/DAVVAALIAAAEG
64,8,0,1.6308361967086382,0.47546786069869995,0.06027338653802872,27.179101943969727,26.26183319091797,NPPTFSPALLVVTEGDNATFTCSFSNTSESFVLNWYRMSPSNQTDKLAAFPESRFRVTQLPNGRDFHMSVVRARRNDSGTYLCGAISLAPKAQIKESLRAELRVTE/ELSQNVLQLLALA
65,8,1,1.638818776263878,0.5080093741416931,0.09853159636259079,25.20434957742691,15.086742401123047,NPPTFSPALLVVTEGDNATFTCSFSNTSESFVLNWYRMSPSNQTDKLAAFPESRFRVTQLPNGRDFHMSVVRARRNDSGTYLCGAISLAPKAQIKESLRAELRVTE/EETESTLLLKELA
66,8,2,1.6689876947035711,0.477323055267334,0.10135629773139954,24.612931072711945,14.13243579864502,NPPTFSPALLVVTEGDNATFTCSFSNTSESFVLNWYRMSPSNQTDKLAAFPESRFRVTQLPNGRDFHMSVVRARRNDSGTYLCGAISLAPKAQIKESLRAELRVTE/ELTQNTLELLELA
67,8,3,1.6181509849131992,0.4528536796569824,0.060872241854667664,26.987014174461365,25.274263381958008,NPPTFSPALLVVTEGDNATFTCSFSNTSESFVLNWYRMSPSNQTDKLAAFPESRFRVTQLPNGRDFHMSVVRARRNDSGTYLCGAISLAPKAQIKESLRAELRVTE/ELTANTLALLAAA
68,8,4,1.6972249549868148,0.526477575302124,0.05335398390889168,27.89068478345871,31.776094436645508,NPPTFSPALLVVTEGDNATFTCSFSNTSESFVLNWYRMSPSNQTDKLAAFPESRFRVTQLPNGRDFHMSVVRARRNDSGTYLCGAISLAPKAQIKESLRAELRVTE/GTTLNTLLLKLLA
69,8,5,1.613628083601723,0.4492374658584595,0.06462264806032181,26.653518557548523,20.758724212646484,NPPTFSPALLVVTEGDNATFTCSFSNTSESFVLNWYRMSPSNQTDKLAAFPESRFRVTQLPNGRDFHMSVVRARRNDSGTYLCGAISLAPKAQIKESLRAELRVTE/ELTANTQALLLAA
70,8,6,1.658383230620941,0.5420099198818207,0.054087840020656586,28.012977719306946,41.90294647216797,NPPTFSPALLVVTEGDNATFTCSFSNTSESFVLNWYRMSPSNQTDKLAAFPESRFRVTQLPNGRDFHMSVVRARRNDSGTYLCGAISLAPKAQIKESLRAELRVTE/GPSLNTLLLRALA
71,8,7,1.6743769816210001,0.46964871883392334,0.07981252670288086,25.651954472064972,12.192851066589355,NPPTFSPALLVVTEGDNATFTCSFSNTSESFVLNWYRMSPSNQTDKLAAFPESRFRVTQLPNGRDFHMSVVRARRNDSGTYLCGAISLAPKAQIKESLRAELRVTE/PVSASVAELRALA
72,9,0,1.66746422749412,0.7271107137203217,0.051248699426651,27.91225165128708,19.69389533996582,NPPTFSPALLVVTEGDNATFTCSFSNTSESFVLNWYRMSPSNQTDKLAAFPESRFRVTQLPNGRDFHMSVVRARRNDSGTYLCGAISLAPKAQIKESLRAELRVTE/SLLERLQQLLAFA
73,9,1,1.5920484420560808,0.6574902832508087,0.0549846887588501,27.382714092731476,12.280471801757812,NPPTFSPALLVVTEGDNATFTCSFSNTSESFVLNWYRMSPSNQTDKLAAFPESRFRVTQLPNGRDFHMSVVRARRNDSGTYLCGAISLAPKAQIKESLRAELRVTE/SLAEILAQLAAFA
74,9,2,1.7263601729978268,0.6004543304443359,0.06972517818212509,26.159180521965027,8.239834785461426,NPPTFSPALLVVTEGDNATFTCSFSNTSESFVLNWYRMSPSNQTDKLAAFPESRFRVTQLPNGRDFHMSVVRARRNDSGTYLCGAISLAPKAQIKESLRAELRVTE/SSELVEALLAAFA
75,9,3,1.7171258225437038,0.5511502027511597,0.0722070038318634,27.27958780527115,28.88360595703125,NPPTFSPALLVVTEGDNATFTCSFSNTSESFVLNWYRMSPSNQTDKLAAFPESRFRVTQLPNGRDFHMSVVRARRNDSGTYLCGAISLAPKAQIKESLRAELRVTE/SSSLIAALLASFA
76,9,4,1.6298263610627124,0.750303253531456,0.08621247112751007,25.022234082221985,12.976841926574707,NPPTFSPALLVVTEGDNATFTCSFSNTSESFVLNWYRMSPSNQTDKLAAFPESRFRVTQLPNGRDFHMSVVRARRNDSGTYLCGAISLAPKAQIKESLRAELRVTE/SLEEILAQLEAFA
77,9,5,1.7522387536948603,0.5895046591758728,0.2529544234275818,19.547643959522247,16.047941207885742,NPPTFSPALLVVTEGDNATFTCSFSNTSESFVLNWYRMSPSNQTDKLAAFPESRFRVTQLPNGRDFHMSVVRARRNDSGTYLCGAISLAPKAQIKESLRAELRVTE/SSELIEQLLEEFA
78,9,6,1.7402877381582817,0.5888006687164307,0.13814225792884827,22.52356868982315,14.263012886047363,NPPTFSPALLVVTEGDNATFTCSFSNTSESFVLNWYRMSPSNQTDKLAAFPESRFRVTQLPNGRDFHMSVVRARRNDSGTYLCGAISLAPKAQIKESLRAELRVTE/SSELIEALLQAFA
79,9,7,1.6711150670034767,0.7993584722280502,0.07254138588905334,25.699204981327057,9.747166633605957,NPPTFSPALLVVTEGDNATFTCSFSNTSESFVLNWYRMSPSNQTDKLAAFPESRFRVTQLPNGRDFHMSVVRARRNDSGTYLCGAISLAPKAQIKESLRAELRVTE/SLEEVLALLESFR
80,10,0,1.4173858613335266,0.6491686701774597,0.37196722626686096,15.42033451795578,5.622556686401367,NPPTFSPALLVVTEGDNATFTCSFSNTSESFVLNWYRMSPSNQTDKLAAFPESRFRVTQLPNGRDFHMSVVRARRNDSGTYLCGAISLAPKAQIKESLRAELRVTE/SSLRQSILEELAR
81,10,1,1.4544913069834013,0.72829869389534,0.13248425722122192,22.984695374965668,7.256376266479492,NPPTFSPALLVVTEGDNATFTCSFSNTSESFVLNWYRMSPSNQTDKLAAFPESRFRVTQLPNGRDFHMSVVRARRNDSGTYLCGAISLAPKAQIKESLRAELRVTE/EELRQSILQSLAE
82,10,2,1.530107964659152,0.6137992739677429,0.3956664800643921,14.446560502052307,5.469680309295654,NPPTFSPALLVVTEGDNATFTCSFSNTSESFVLNWYRMSPSNQTDKLAAFPESRFRVTQLPNGRDFHMSVVRARRNDSGTYLCGAISLAPKAQIKESLRAELRVTE/SSLRASILAELES
83,10,3,1.5999946490231176,0.607977032661438,0.32966071367263794,16.70036470890045,5.156723499298096,NPPTFSPALLVVTEGDNATFTCSFSNTSESFVLNWYRMSPSNQTDKLAAFPESRFRVTQLPNGRDFHMSVVRARRNDSGTYLCGAISLAPKAQIKESLRAELRVTE/GELRASILEELLR
84,10,4,1.398546281985883,0.7630230337381363,0.12191490828990936,23.42988896369934,8.17470932006836,NPPTFSPALLVVTEGDNATFTCSFSNTSESFVLNWYRMSPSNQTDKLAAFPESRFRVTQLPNGRDFHMSVVRARRNDSGTYLCGAISLAPKAQIKESLRAELRVTE/EELRRSILEELLR
85,10,5,1.4821569449687706,0.6063110530376434,0.34429964423179626,16.186684489250183,4.465071678161621,NPPTFSPALLVVTEGDNATFTCSFSNTSESFVLNWYRMSPSNQTDKLAAFPESRFRVTQLPNGRDFHMSVVRARRNDSGTYLCGAISLAPKAQIKESLRAELRVTE/ASLRQSILESLAR
86,10,6,1.4688517646311225,0.6428143978118896,0.26152265071868896,18.637962639331818,4.2775373458862305,NPPTFSPALLVVTEGDNATFTCSFSNTSESFVLNWYRMSPSNQTDKLAAFPESRFRVTQLPNGRDFHMSVVRARRNDSGTYLCGAISLAPKAQIKESLRAELRVTE/SSLRESILRSLLE
87,10,7,1.4281976005682038,0.6158743500709534,0.2906946539878845,18.138040721416473,4.168176651000977,NPPTFSPALLVVTEGDNATFTCSFSNTSESFVLNWYRMSPSNQTDKLAAFPESRFRVTQLPNGRDFHMSVVRARRNDSGTYLCGAISLAPKAQIKESLRAELRVTE/SSLRESILQSLLE
88,11,0,1.63666306424789,0.5289312303066254,0.16108861565589905,20.975722789764404,6.350762844085693,NPPTFSPALLVVTEGDNATFTCSFSNTSESFVLNWYRMSPSNQTDKLAAFPESRFRVTQLPNGRDFHMSVVRARRNDSGTYLCGAISLAPKAQIKESLRAELRVTE/SEHLEALLAAALA
89,11,1,1.6107862946150617,0.6306158006191254,0.13788774609565735,22.314208209514618,5.868524551391602,NPPTFSPALLVVTEGDNATFTCSFSNTSESFVLNWYRMSPSNQTDKLAAFPESRFRVTQLPNGRDFHMSVVRARRNDSGTYLCGAISLAPKAQIKESLRAELRVTE/SSHLEELLALAAS
90,11,2,1.659901317364962,0.6200430691242218,0.25791582465171814,18.871776163578033,6.523021697998047,NPPTFSPALLVVTEGDNATFTCSFSNTSESFVLNWYRMSPSNQTDKLAAFPESRFRVTQLPNGRDFHMSVVRARRNDSGTYLCGAISLAPKAQIKESLRAELRVTE/SSLLEELLQEYLS
91,11,3,1.5846452036002079,0.584643542766571,0.2839233875274658,16.638720273971558,5.685695648193359,NPPTFSPALLVVTEGDNATFTCSFSNTSESFVLNWYRMSPSNQTDKLAAFPESRFRVTQLPNGRDFHMSVVRARRNDSGTYLCGAISLAPKAQIKESLRAELRVTE/SSHLEELLAAAAA
92,11,4,1.536526378495022,0.4686753749847412,0.06750794500112534,26.573736667633057,10.330511093139648,NPPTFSPALLVVTEGDNATFTCSFSNTSESFVLNWYRMSPSNQTDKLAAFPESRFRVTQLPNGRDFHMSVVRARRNDSGTYLCGAISLAPKAQIKESLRAELRVTE/SAHLAALLAQAAA
93,11,5,1.73115216864788,0.6194207668304443,0.2204456329345703,19.689591348171234,8.000425338745117,NPPTFSPALLVVTEGDNATFTCSFSNTSESFVLNWYRMSPSNQTDKLAAFPESRFRVTQLPNGRDFHMSVVRARRNDSGTYLCGAISLAPKAQIKESLRAELRVTE/ESHLLQLLEERLA
94,11,6,1.6941356875152367,0.6340557932853699,0.23877955973148346,19.18657076358795,5.792425155639648,NPPTFSPALLVVTEGDNATFTCSFSNTSESFVLNWYRMSPSNQTDKLAAFPESRFRVTQLPNGRDFHMSVVRARRNDSGTYLCGAISLAPKAQIKESLRAELRVTE/SSLLEELLREALL
95,11,7,1.6237205850508802,0.6409407258033752,0.24234870076179504,18.897106885910034,6.048147678375244,NPPTFSPALLVVTEGDNATFTCSFSNTSESFVLNWYRMSPSNQTDKLAAFPESRFRVTQLPNGRDFHMSVVRARRNDSGTYLCGAISLAPKAQIKESLRAELRVTE/SSLLEQLLAEALS
96,12,0,1.5693376602425428,0.6648606657981873,0.13633784651756287,22.562506198883057,2.8036365509033203,NPPTFSPALLVVTEGDNATFTCSFSNTSESFVLNWYRMSPSNQTDKLAAFPESRFRVTQLPNGRDFHMSVVRARRNDSGTYLCGAISLAPKAQIKESLRAELRVTE/SAREALAQRLFAE
97,12,1,1.4637128951660932,0.7182475030422211,0.189365953207016,20.939859926700592,1.8000495433807373,NPPTFSPALLVVTEGDNATFTCSFSNTSESFVLNWYRMSPSNQTDKLAAFPESRFRVTQLPNGRDFHMSVVRARRNDSGTYLCGAISLAPKAQIKESLRAELRVTE/SARQALLERLLAE
98,12,2,1.4541543710966907,0.7253391146659851,0.1524296998977661,22.20580291748047,2.6158151626586914,NPPTFSPALLVVTEGDNATFTCSFSNTSESFVLNWYRMSPSNQTDKLAAFPESRFRVTQLPNGRDFHMSVVRARRNDSGTYLCGAISLAPKAQIKESLRAELRVTE/SAREALLARLLAE
99,12,3,1.4976487950578845,0.6531674861907959,0.1286052018404007,22.955319941043854,2.280927896499634,NPPTFSPALLVVTEGDNATFTCSFSNTSESFVLNWYRMSPSNQTDKLAAFPESRFRVTQLPNGRDFHMSVVRARRNDSGTYLCGAISLAPKAQIKESLRAELRVTE/AAAEALKAKLLAE
100,12,4,1.5657210544316382,0.738307923078537,0.13863605260849,22.674093306064606,3.444186210632324,NPPTFSPALLVVTEGDNATFTCSFSNTSESFVLNWYRMSPSNQTDKLAAFPESRFRVTQLPNGRDFHMSVVRARRNDSGTYLCGAISLAPKAQIKESLRAELRVTE/SARQALLQRLLSE
101,12,5,1.5500114777452725,0.6844499409198761,0.18026359379291534,20.69212180376053,2.2565455436706543,NPPTFSPALLVVTEGDNATFTCSFSNTSESFVLNWYRMSPSNQTDKLAAFPESRFRVTQLPNGRDFHMSVVRARRNDSGTYLCGAISLAPKAQIKESLRAELRVTE/SARQALLEALLAE
102,12,6,1.4943407602002585,0.8071084171533585,0.12379470467567444,23.842528998851776,3.8728153705596924,NPPTFSPALLVVTEGDNATFTCSFSNTSESFVLNWYRMSPSNQTDKLAAFPESRFRVTQLPNGRDFHMSVVRARRNDSGTYLCGAISLAPKAQIKESLRAELRVTE/SAREQLLQQLLAE
103,12,7,1.5041527667762913,0.7130045294761658,0.14980411529541016,21.955721855163574,3.1812081336975098,NPPTFSPALLVVTEGDNATFTCSFSNTSESFVLNWYRMSPSNQTDKLAAFPESRFRVTQLPNGRDFHMSVVRARRNDSGTYLCGAISLAPKAQIKESLRAELRVTE/SAAEALKARLLAE
104,13,0,1.4926711687655234,0.769438847899437,0.08921094238758087,25.335698306560516,8.566007614135742,NPPTFSPALLVVTEGDNATFTCSFSNTSESFVLNWYRMSPSNQTDKLAAFPESRFRVTQLPNGRDFHMSVVRARRNDSGTYLCGAISLAPKAQIKESLRAELRVTE/SEEEVRATLAALK
105,13,1,1.543220644919187,0.7436686456203461,0.07630755007266998,25.81320708990097,9.58525276184082,NPPTFSPALLVVTEGDNATFTCSFSNTSESFVLNWYRMSPSNQTDKLAAFPESRFRVTQLPNGRDFHMSVVRARRNDSGTYLCGAISLAPKAQIKESLRAELRVTE/SAEEVRETLAALK
106,13,2,1.5785454499499798,0.7201754748821259,0.08880287408828735,24.919493973255157,14.91624641418457,NPPTFSPALLVVTEGDNATFTCSFSNTSESFVLNWYRMSPSNQTDKLAAFPESRFRVTQLPNGRDFHMSVVRARRNDSGTYLCGAISLAPKAQIKESLRAELRVTE/SAAQVRQTLAQLQ
107,13,3,1.5020227099748868,0.7891374677419662,0.08927837759256363,25.753953635692596,10.332966804504395,NPPTFSPALLVVTEGDNATFTCSFSNTSESFVLNWYRMSPSNQTDKLAAFPESRFRVTQLPNGRDFHMSVVRARRNDSGTYLCGAISLAPKAQIKESLRAELRVTE/SEEEKRAVLESLK
108,13,4,1.5119925164091117,0.6869978308677673,0.06454309076070786,26.069236040115356,15.370635986328125,NPPTFSPALLVVTEGDNATFTCSFSNTSESFVLNWYRMSPSNQTDKLAAFPESRFRVTQLPNGRDFHMSVVRARRNDSGTYLCGAISLAPKAQIKESLRAELRVTE/SAAEKRAVLAALK
109,13,5,1.549543487292206,0.7672875821590424,0.0833694115281105,25.164405047893524,12.83841609954834,NPPTFSPALLVVTEGDNATFTCSFSNTSESFVLNWYRMSPSNQTDKLAAFPESRFRVTQLPNGRDFHMSVVRARRNDSGTYLCGAISLAPKAQIKESLRAELRVTE/SLEEVRAVLESLQ
110,13,6,1.5852779848485472,0.6007257103919983,0.07778342068195343,25.191075384616852,8.065312385559082,NPPTFSPALLVVTEGDNATFTCSFSNTSESFVLNWYRMSPSNQTDKLAAFPESRFRVTQLPNGRDFHMSVVRARRNDSGTYLCGAISLAPKAQIKESLRAELRVTE/SAAEKAQVLASLQ
111,13,7,1.510978557726511,0.7425361275672913,0.06441132724285126,26.598777294158936,14.84125804901123,NPPTFSPALLVVTEGDNATFTCSFSNTSESFVLNWYRMSPSNQTDKLAAFPESRFRVTQLPNGRDFHMSVVRARRNDSGTYLCGAISLAPKAQIKESLRAELRVTE/SPAEVRATLAALQ
112,14,0,1.8398616574879902,0.5881256461143494,0.05417196452617645,28.17457401752472,20.873151779174805,NPPTFSPALLVVTEGDNATFTCSFSNTSESFVLNWYRMSPSNQTDKLAAFPESRFRVTQLPNGRDFHMSVVRARRNDSGTYLCGAISLAPKAQIKESLRAELRVTE/MVSLALLLSLLLS
113,14,1,1.7783417963139998,0.6384775936603546,0.11740125715732574,23.302193224430084,16.163999557495117,NPPTFSPALLVVTEGDNATFTCSFSNTSESFVLNWYRMSPSNQTDKLAAFPESRFRVTQLPNGRDFHMSVVRARRNDSGTYLCGAISLAPKAQIKESLRAELRVTE/AVSLAQQLAELLA
114,14,2,1.834999871676418,0.7981480360031128,0.052849918603897095,27.69996988773346,12.885517120361328,NPPTFSPALLVVTEGDNATFTCSFSNTSESFVLNWYRMSPSNQTDKLAAFPESRFRVTQLPNGRDFHMSVVRARRNDSGTYLCGAISLAPKAQIKESLRAELRVTE/SPLLALLEALLKA
115,14,3,1.8897863978741096,0.4832497239112854,0.07544439285993576,26.57233053445816,10.975716590881348,NPPTFSPALLVVTEGDNATFTCSFSNTSESFVLNWYRMSPSNQTDKLAAFPESRFRVTQLPNGRDFHMSVVRARRNDSGTYLCGAISLAPKAQIKESLRAELRVTE/MVSEALLLSLLES
116,14,4,1.862614776939177,0.6281149089336395,0.15847167372703552,21.669149696826935,18.172542572021484,NPPTFSPALLVVTEGDNATFTCSFSNTSESFVLNWYRMSPSNQTDKLAAFPESRFRVTQLPNGRDFHMSVVRARRNDSGTYLCGAISLAPKAQIKESLRAELRVTE/MVSEALEKLLLEA
117,14,5,1.8060824673771383,0.5931608974933624,0.07942645251750946,26.138945877552032,19.524856567382812,NPPTFSPALLVVTEGDNATFTCSFSNTSESFVLNWYRMSPSNQTDKLAAFPESRFRVTQLPNGRDFHMSVVRARRNDSGTYLCGAISLAPKAQIKESLRAELRVTE/AVSLAELLSELLS
118,14,6,1.760826430433449,0.5264983475208282,0.05940385162830353,28.085745573043823,29.258359909057617,NPPTFSPALLVVTEGDNATFTCSFSNTSESFVLNWYRMSPSNQTDKLAAFPESRFRVTQLPNGRDFHMSVVRARRNDSGTYLCGAISLAPKAQIKESLRAELRVTE/LPLISSLLSLLLS
119,14,7,1.7655545001020299,0.49386608600616455,0.12083865702152252,23.21616965532303,11.743247032165527,NPPTFSPALLVVTEGDNATFTCSFSNTSESFVLNWYRMSPSNQTDKLAAFPESRFRVTQLPNGRDFHMSVVRARRNDSGTYLCGAISLAPKAQIKESLRAELRVTE/AVAEAAELAQLLA
120,15,0,1.8619041703647112,0.8242172002792358,0.09605002403259277,24.59619051218033,26.015335083007812,NPPTFSPALLVVTEGDNATFTCSFSNTSESFVLNWYRMSPSNQTDKLAAFPESRFRVTQLPNGRDFHMSVVRARRNDSGTYLCGAISLAPKAQIKESLRAELRVTE/SLLQEILQKLLEN
121,15,1,1.8834387783087738,0.758635938167572,0.09155337512493134,25.155951619148254,23.411968231201172,NPPTFSPALLVVTEGDNATFTCSFSNTSESFVLNWYRMSPSNQTDKLAAFPESRFRVTQLPNGRDFHMSVVRARRNDSGTYLCGAISLAPKAQIKESLRAELRVTE/DELLEELERLLSV
122,15,2,1.6730810941150718,0.7444986701011658,0.09879830479621887,27.033259510993958,28.943435668945312,NPPTFSPALLVVTEGDNATFTCSFSNTSESFVLNWYRMSPSNQTDKLAAFPESRFRVTQLPNGRDFHMSVVRARRNDSGTYLCGAISLAPKAQIKESLRAELRVTE/LEEEEELEEEEEL
123,15,3,1.7747744308171007,0.7727430760860443,0.07850058376789093,25.885500073432922,22.506460189819336,NPPTFSPALLVVTEGDNATFTCSFSNTSESFVLNWYRMSPSNQTDKLAAFPESRFRVTQLPNGRDFHMSVVRARRNDSGTYLCGAISLAPKAQIKESLRAELRVTE/SEVLEELERLLSL
124,15,4,1.8474062758686756,0.8353616148233414,0.07969242334365845,25.734448850154877,22.888427734375,NPPTFSPALLVVTEGDNATFTCSFSNTSESFVLNWYRMSPSNQTDKLAAFPESRFRVTQLPNGRDFHMSVVRARRNDSGTYLCGAISLAPKAQIKESLRAELRVTE/SLLEELLQKLLSG
125,15,5,1.767176195765995,0.7992957532405853,0.07938674837350845,25.61107313632965,23.56328582763672,NPPTFSPALLVVTEGDNATFTCSFSNTSESFVLNWYRMSPSNQTDKLAAFPESRFRVTQLPNGRDFHMSVVRARRNDSGTYLCGAISLAPKAQIKESLRAELRVTE/SELLEELERLLSL
126,15,6,1.8121438012488653,0.7000758945941925,0.11072729527950287,24.642160534858704,22.739713668823242,NPPTFSPALLVVTEGDNATFTCSFSNTSESFVLNWYRMSPSNQTDKLAAFPESRFRVTQLPNGRDFHMSVVRARRNDSGTYLCGAISLAPKAQIKESLRAELRVTE/EEEELEELKELLL
127,15,7,1.7821976574613352,0.7546561658382416,0.11032672226428986,24.069568693637848,23.44561195373535,NPPTFSPALLVVTEGDNATFTCSFSNTSESFVLNWYRMSPSNQTDKLAAFPESRFRVTQLPNGRDFHMSVVRARRNDSGTYLCGAISLAPKAQIKESLRAELRVTE/SELLEELERLLAG
128,16,0,1.4657078179217073,0.7649422287940979,0.10570783913135529,24.526504695415497,7.298815727233887,NPPTFSPALLVVTEGDNATFTCSFSNTSESFVLNWYRMSPSNQTDKLAAFPESRFRVTQLPNGRDFHMSVVRARRNDSGTYLCGAISLAPKAQIKESLRAELRVTE/EQREKILAELLAK
129,16,1,1.5342426437258572,0.795547217130661,0.08399152755737305,25.357727110385895,11.723458290100098,NPPTFSPALLVVTEGDNATFTCSFSNTSESFVLNWYRMSPSNQTDKLAAFPESRFRVTQLPNGRDFHMSVVRARRNDSGTYLCGAISLAPKAQIKESLRAELRVTE/SDRERILAELKAL
130,16,2,1.4896758668701182,0.7506213784217834,0.11092104017734528,23.96596199274063,6.059139728546143,NPPTFSPALLVVTEGDNATFTCSFSNTSESFVLNWYRMSPSNQTDKLAAFPESRFRVTQLPNGRDFHMSVVRARRNDSGTYLCGAISLAPKAQIKESLRAELRVTE/SQREAILAELLAK
131,16,3,1.510224074109822,0.6450819373130798,0.1255035698413849,23.876994967460632,3.484719753265381,NPPTFSPALLVVTEGDNATFTCSFSNTSESFVLNWYRMSPSNQTDKLAAFPESRFRVTQLPNGRDFHMSVVRARRNDSGTYLCGAISLAPKAQIKESLRAELRVTE/AQRQAILQELLAQ
132,16,4,1.5004095033878226,0.7745390832424164,0.10387180745601654,24.716883301734924,6.680246353149414,NPPTFSPALLVVTEGDNATFTCSFSNTSESFVLNWYRMSPSNQTDKLAAFPESRFRVTQLPNGRDFHMSVVRARRNDSGTYLCGAISLAPKAQIKESLRAELRVTE/SQREAILAELLAQ
133,16,5,1.533155206271223,0.7860506623983383,0.07730750739574432,25.7183974981308,11.56295108795166,NPPTFSPALLVVTEGDNATFTCSFSNTSESFVLNWYRMSPSNQTDKLAAFPESRFRVTQLPNGRDFHMSVVRARRNDSGTYLCGAISLAPKAQIKESLRAELRVTE/SQREAILAEWLAK
134,16,6,1.5299991586726844,0.8153476119041443,0.09111619740724564,25.088202238082886,7.6268415451049805,NPPTFSPALLVVTEGDNATFTCSFSNTSESFVLNWYRMSPSNQTDKLAAFPESRFRVTQLPNGRDFHMSVVRARRNDSGTYLCGAISLAPKAQIKESLRAELRVTE/SQREQILQELLAQ
135,16,7,1.739440400821293,0.4828837513923645,0.07976772636175156,26.82332068681717,40.78239059448242,NPPTFSPALLVVTEGDNATFTCSFSNTSESFVLNWYRMSPSNQTDKLAAFPESRFRVTQLPNGRDFHMSVVRARRNDSGTYLCGAISLAPKAQIKESLRAELRVTE/SQKALILAEVLSL
136,17,0,1.359509346677304,0.6244611740112305,0.29069480299949646,17.888007700443268,10.787035942077637,NPPTFSPALLVVTEGDNATFTCSFSNTSESFVLNWYRMSPSNQTDKLAAFPESRFRVTQLPNGRDFHMSVVRARRNDSGTYLCGAISLAPKAQIKESLRAELRVTE/EPSDEEEIEALLK
137,17,1,1.3844991361531824,0.5705311596393585,0.16346465051174164,21.655650079250336,11.35919189453125,NPPTFSPALLVVTEGDNATFTCSFSNTSESFVLNWYRMSPSNQTDKLAAFPESRFRVTQLPNGRDFHMSVVRARRNDSGTYLCGAISLAPKAQIKESLRAELRVTE/APSTEEEIAALLS
138,17,2,1.3456501468981108,0.5341678857803345,0.13762551546096802,22.309618413448334,12.392005920410156,NPPTFSPALLVVTEGDNATFTCSFSNTSESFVLNWYRMSPSNQTDKLAAFPESRFRVTQLPNGRDFHMSVVRARRNDSGTYLCGAISLAPKAQIKESLRAELRVTE/APSTAEEIAALLA
139,17,3,1.3458448787111716,0.6382111608982086,0.18144910037517548,22.599200546741486,11.56991958618164,NPPTFSPALLVVTEGDNATFTCSFSNTSESFVLNWYRMSPSNQTDKLAAFPESRFRVTQLPNGRDFHMSVVRARRNDSGTYLCGAISLAPKAQIKESLRAELRVTE/EPSDEEEIEELLK
140,17,4,1.374616819021232,0.5835382342338562,0.27660879492759705,18.156194806098938,11.703506469726562,NPPTFSPALLVVTEGDNATFTCSFSNTSESFVLNWYRMSPSNQTDKLAAFPESRFRVTQLPNGRDFHMSVVRARRNDSGTYLCGAISLAPKAQIKESLRAELRVTE/EPSTEEEIEALLK
141,17,5,1.3743250519927945,0.6198403537273407,0.08633968979120255,26.908588528633118,32.617210388183594,NPPTFSPALLVVTEGDNATFTCSFSNTSESFVLNWYRMSPSNQTDKLAAFPESRFRVTQLPNGRDFHMSVVRARRNDSGTYLCGAISLAPKAQIKESLRAELRVTE/ALSDEEEVEELLE
142,17,6,1.3720337485799923,0.6630574762821198,0.18841497600078583,21.395513594150543,10.514906883239746,NPPTFSPALLVVTEGDNATFTCSFSNTSESFVLNWYRMSPSNQTDKLAAFPESRFRVTQLPNGRDFHMSVVRARRNDSGTYLCGAISLAPKAQIKESLRAELRVTE/LPSDEELVEALLK
143,17,7,1.3628613835176586,0.6071268916130066,0.10521122813224792,24.00231820344925,14.68639087677002,NPPTFSPALLVVTEGDNATFTCSFSNTSESFVLNWYRMSPSNQTDKLAAFPESRFRVTQLPNGRDFHMSVVRARRNDSGTYLCGAISLAPKAQIKESLRAELRVTE/PPSDAEQVAALLA
144,18,0,1.4524727039901821,0.5105794072151184,0.07578141987323761,26.18131649494171,10.319387435913086,NPPTFSPALLVVTEGDNATFTCSFSNTSESFVLNWYRMSPSNQTDKLAAFPESRFRVTQLPNGRDFHMSVVRARRNDSGTYLCGAISLAPKAQIKESLRAELRVTE/GSSVEALLASQAP
145,18,1,1.5203711997771447,0.49498140811920166,0.16243010759353638,22.84652292728424,12.819408416748047,NPPTFSPALLVVTEGDNATFTCSFSNTSESFVLNWYRMSPSNQTDKLAAFPESRFRVTQLPNGRDFHMSVVRARRNDSGTYLCGAISLAPKAQIKESLRAELRVTE/GSSVQELLELQAP
146,18,2,1.4299471138078188,0.49107789993286133,0.08352157473564148,26.18678766489029,9.15476131439209,NPPTFSPALLVVTEGDNATFTCSFSNTSESFVLNWYRMSPSNQTDKLAAFPESRFRVTQLPNGRDFHMSVVRARRNDSGTYLCGAISLAPKAQIKESLRAELRVTE/GAEVQALLQSQAP
147,18,3,1.44777357696159,0.5164474248886108,0.11367028206586838,24.630719304084778,6.192389965057373,NPPTFSPALLVVTEGDNATFTCSFSNTSESFVLNWYRMSPSNQTDKLAAFPESRFRVTQLPNGRDFHMSVVRARRNDSGTYLCGAISLAPKAQIKESLRAELRVTE/GAEVERLLQLQAP
148,18,4,1.4774989199276924,0.4836430549621582,0.09765961021184921,25.518131613731384,11.167552947998047,NPPTFSPALLVVTEGDNATFTCSFSNTSESFVLNWYRMSPSNQTDKLAAFPESRFRVTQLPNGRDFHMSVVRARRNDSGTYLCGAISLAPKAQIKESLRAELRVTE/GEAVQQLLASQAP
149,18,5,1.5272084944237971,0.4793230891227722,0.07989031821489334,26.735092759132385,14.16493034362793,NPPTFSPALLVVTEGDNATFTCSFSNTSESFVLNWYRMSPSNQTDKLAAFPESRFRVTQLPNGRDFHMSVVRARRNDSGTYLCGAISLAPKAQIKESLRAELRVTE/GLEVLELLLLQQP
150,18,6,1.464685150083517,0.6028497219085693,0.1179361417889595,24.468964099884033,4.433328628540039,NPPTFSPALLVVTEGDNATFTCSFSNTSESFVLNWYRMSPSNQTDKLAAFPESRFRVTQLPNGRDFHMSVVRARRNDSGTYLCGAISLAPKAQIKESLRAELRVTE/GEEVQKLLERQAP
151,18,7,1.503630052381904,0.5211067497730255,0.08240523934364319,26.211650907993317,7.85220193862915,NPPTFSPALLVVTEGDNATFTCSFSNTSESFVLNWYRMSPSNQTDKLAAFPESRFRVTQLPNGRDFHMSVVRARRNDSGTYLCGAISLAPKAQIKESLRAELRVTE/GAEVERLLQSQAP
152,19,0,1.731434366838352,0.8556843549013138,0.0554313026368618,27.705566704273224,37.989105224609375,NPPTFSPALLVVTEGDNATFTCSFSNTSESFVLNWYRMSPSNQTDKLAAFPESRFRVTQLPNGRDFHMSVVRARRNDSGTYLCGAISLAPKAQIKESLRAELRVTE/LLRLLEELLRRLA
153,19,1,1.772824001782534,0.564843088388443,0.05919623747467995,28.063794374465942,47.12699508666992,NPPTFSPALLVVTEGDNATFTCSFSNTSESFVLNWYRMSPSNQTDKLAAFPESRFRVTQLPNGRDFHMSVVRARRNDSGTYLCGAISLAPKAQIKESLRAELRVTE/AALLARLLARRLA
154,19,2,1.6762314471775523,0.8399331718683243,0.08370855450630188,25.417409241199493,21.420141220092773,NPPTFSPALLVVTEGDNATFTCSFSNTSESFVLNWYRMSPSNQTDKLAAFPESRFRVTQLPNGRDFHMSVVRARRNDSGTYLCGAISLAPKAQIKESLRAELRVTE/LLELLEELLRKLE
155,19,3,1.7738778852609152,0.8243728280067444,0.09035696089267731,25.383074462413788,16.489757537841797,NPPTFSPALLVVTEGDNATFTCSFSNTSESFVLNWYRMSPSNQTDKLAAFPESRFRVTQLPNGRDFHMSVVRARRNDSGTYLCGAISLAPKAQIKESLRAELRVTE/LSELLQELLRRLS
156,19,4,1.8165395979479424,0.8216070830821991,0.051819685846567154,27.75763428211212,37.93531799316406,NPPTFSPALLVVTEGDNATFTCSFSNTSESFVLNWYRMSPSNQTDKLAAFPESRFRVTQLPNGRDFHMSVVRARRNDSGTYLCGAISLAPKAQIKESLRAELRVTE/GLLELLELLRKLA
157,19,5,1.797355668812778,0.8176046758890152,0.05830223113298416,27.132468581199646,24.598478317260742,NPPTFSPALLVVTEGDNATFTCSFSNTSESFVLNWYRMSPSNQTDKLAAFPESRFRVTQLPNGRDFHMSVVRARRNDSGTYLCGAISLAPKAQIKESLRAELRVTE/LLEELLSLLKKLA
158,19,6,1.7466790846079856,0.5814995169639587,0.05898157134652138,28.02355605363846,53.836360931396484,NPPTFSPALLVVTEGDNATFTCSFSNTSESFVLNWYRMSPSNQTDKLAAFPESRFRVTQLPNGRDFHMSVVRARRNDSGTYLCGAISLAPKAQIKESLRAELRVTE/SALLAALLARRLA
159,19,7,1.7585719214263356,0.8242040276527405,0.056290578097105026,27.607155859470367,34.25078582763672,NPPTFSPALLVVTEGDNATFTCSFSNTSESFVLNWYRMSPSNQTDKLAAFPESRFRVTQLPNGRDFHMSVVRARRNDSGTYLCGAISLAPKAQIKESLRAELRVTE/LLEELLRLLRRLA
160,20,0,1.6597760811289262,0.6744524538516998,0.14628225564956665,22.286386728286743,7.792194366455078,NPPTFSPALLVVTEGDNATFTCSFSNTSESFVLNWYRMSPSNQTDKLAAFPESRFRVTQLPNGRDFHMSVVRARRNDSGTYLCGAISLAPKAQIKESLRAELRVTE/ELAALEEALRLLS
161,20,1,1.6167272637842167,0.6806362569332123,0.3906137943267822,14.50605970621109,1.8855798244476318,NPPTFSPALLVVTEGDNATFTCSFSNTSESFVLNWYRMSPSNQTDKLAAFPESRFRVTQLPNGRDFHMSVVRARRNDSGTYLCGAISLAPKAQIKESLRAELRVTE/EEEALRRAEELLA
162,20,2,1.7257657404609117,0.7068130970001221,0.12336891889572144,22.991334319114685,4.256438732147217,NPPTFSPALLVVTEGDNATFTCSFSNTSESFVLNWYRMSPSNQTDKLAAFPESRFRVTQLPNGRDFHMSVVRARRNDSGTYLCGAISLAPKAQIKESLRAELRVTE/SALELERALQLLS
163,20,3,1.6264439808732178,0.6327545344829559,0.14731033146381378,21.881364941596985,2.7286581993103027,NPPTFSPALLVVTEGDNATFTCSFSNTSESFVLNWYRMSPSNQTDKLAAFPESRFRVTQLPNGRDFHMSVVRARRNDSGTYLCGAISLAPKAQIKESLRAELRVTE/SEAALLRAQQLLA
164,20,4,1.59969750152925,0.6810514032840729,0.4557543992996216,12.953936278820038,1.555935263633728,NPPTFSPALLVVTEGDNATFTCSFSNTSESFVLNWYRMSPSNQTDKLAAFPESRFRVTQLPNGRDFHMSVVRARRNDSGTYLCGAISLAPKAQIKESLRAELRVTE/EEEALKRAQELLA
165,20,5,1.6143750765193094,0.7013329565525055,0.14674262702465057,21.69966334104538,3.0503714084625244,NPPTFSPALLVVTEGDNATFTCSFSNTSESFVLNWYRMSPSNQTDKLAAFPESRFRVTQLPNGRDFHMSVVRARRNDSGTYLCGAISLAPKAQIKESLRAELRVTE/SAEERARAEALLA
166,20,6,1.6296290284239034,0.5312778651714325,0.06799155473709106,26.91398948431015,40.10244369506836,NPPTFSPALLVVTEGDNATFTCSFSNTSESFVLNWYRMSPSNQTDKLAAFPESRFRVTQLPNGRDFHMSVVRARRNDSGTYLCGAISLAPKAQIKESLRAELRVTE/SAATLARAQQLLA
167,20,7,1.7073803255812439,0.7266270518302917,0.07341546565294266,26.08593225479126,11.321673393249512,NPPTFSPALLVVTEGDNATFTCSFSNTSESFVLNWYRMSPSNQTDKLAAFPESRFRVTQLPNGRDFHMSVVRARRNDSGTYLCGAISLAPKAQIKESLRAELRVTE/SSLTLEQALSLLS
168,21,0,1.4992602868651694,0.452226459980011,0.06664572656154633,26.700083553791046,22.648584365844727,NPPTFSPALLVVTEGDNATFTCSFSNTSESFVLNWYRMSPSNQTDKLAAFPESRFRVTQLPNGRDFHMSVVRARRNDSGTYLCGAISLAPKAQIKESLRAELRVTE/SLEATLAVLLQAA
169,21,1,1.2988960755883794,0.40569257736206055,0.09770391881465912,25.347501695156097,44.12047576904297,NPPTFSPALLVVTEGDNATFTCSFSNTSESFVLNWYRMSPSNQTDKLAAFPESRFRVTQLPNGRDFHMSVVRARRNDSGTYLCGAISLAPKAQIKESLRAELRVTE/GAAARAAVLAAAA
170,21,2,1.3700251087323883,0.4394887089729309,0.09827114641666412,25.176199197769165,41.3990364074707,NPPTFSPALLVVTEGDNATFTCSFSNTSESFVLNWYRMSPSNQTDKLAAFPESRFRVTQLPNGRDFHMSVVRARRNDSGTYLCGAISLAPKAQIKESLRAELRVTE/GAAARAAVLAQAA
171,21,3,1.5846382459041788,0.41992300748825073,0.10238714516162872,24.960800290107727,16.255266189575195,NPPTFSPALLVVTEGDNATFTCSFSNTSESFVLNWYRMSPSNQTDKLAAFPESRFRVTQLPNGRDFHMSVVRARRNDSGTYLCGAISLAPKAQIKESLRAELRVTE/SLLETLEVLELAS
172,21,4,1.2744791864715075,0.42104393243789673,0.11200061440467834,25.611050963401794,43.8088493347168,NPPTFSPALLVVTEGDNATFTCSFSNTSESFVLNWYRMSPSNQTDKLAAFPESRFRVTQLPNGRDFHMSVVRARRNDSGTYLCGAISLAPKAQIKESLRAELRVTE/GAAAAAAVLAQAA
173,21,5,1.5664227592816622,0.7112299501895905,0.05546931177377701,27.78832346200943,18.969627380371094,NPPTFSPALLVVTEGDNATFTCSFSNTSESFVLNWYRMSPSNQTDKLAAFPESRFRVTQLPNGRDFHMSVVRARRNDSGTYLCGAISLAPKAQIKESLRAELRVTE/SLLERLLVLLLAE
174,21,6,1.5762592083470068,0.5810218751430511,0.0964261144399643,26.30548119544983,42.48802185058594,NPPTFSPALLVVTEGDNATFTCSFSNTSESFVLNWYRMSPSNQTDKLAAFPESRFRVTQLPNGRDFHMSVVRARRNDSGTYLCGAISLAPKAQIKESLRAELRVTE/GSSARAAVLSLAS
175,21,7,1.4650115405330832,0.5606291592121124,0.06184966862201691,27.60730367898941,44.35873031616211,NPPTFSPALLVVTEGDNATFTCSFSNTSESFVLNWYRMSPSNQTDKLAAFPESRFRVTQLPNGRDFHMSVVRARRNDSGTYLCGAISLAPKAQIKESLRAELRVTE/SLLARLAVLAQAA
176,22,0,1.659434211811621,0.6880371272563934,0.061044842004776,26.530538260936737,29.12753677368164,NPPTFSPALLVVTEGDNATFTCSFSNTSESFVLNWYRMSPSNQTDKLAAFPESRFRVTQLPNGRDFHMSVVRARRNDSGTYLCGAISLAPKAQIKESLRAELRVTE/SADEQFKEAVAAA
177,22,1,1.5364047414625335,0.6267542243003845,0.12436546385288239,23.09569674730301,13.650148391723633,NPPTFSPALLVVTEGDNATFTCSFSNTSESFVLNWYRMSPSNQTDKLAAFPESRFRVTQLPNGRDFHMSVVRARRNDSGTYLCGAISLAPKAQIKESLRAELRVTE/SEDEALIQAIKAA
178,22,2,1.626747776577459,0.5932791531085968,0.12161916494369507,23.744969964027405,10.241897583007812,NPPTFSPALLVVTEGDNATFTCSFSNTSESFVLNWYRMSPSNQTDKLAAFPESRFRVTQLPNGRDFHMSVVRARRNDSGTYLCGAISLAPKAQIKESLRAELRVTE/SLDQQFRELVRLS
179,22,3,1.6471944943008359,0.570849746465683,0.06862667202949524,27.21359932422638,20.950469970703125,NPPTFSPALLVVTEGDNATFTCSFSNTSESFVLNWYRMSPSNQTDKLAAFPESRFRVTQLPNGRDFHMSVVRARRNDSGTYLCGAISLAPKAQIKESLRAELRVTE/SEDEEFREQVKLS
180,22,4,1.6410529600871389,0.7004296481609344,0.09277894347906113,24.789665937423706,16.766244888305664,NPPTFSPALLVVTEGDNATFTCSFSNTSESFVLNWYRMSPSNQTDKLAAFPESRFRVTQLPNGRDFHMSVVRARRNDSGTYLCGAISLAPKAQIKESLRAELRVTE/SSDEELREAIKAA
181,22,5,1.643133157603227,0.626861572265625,0.09783480316400528,23.344373524188995,12.77994441986084,NPPTFSPALLVVTEGDNATFTCSFSNTSESFVLNWYRMSPSNQTDKLAAFPESRFRVTQLPNGRDFHMSVVRARRNDSGTYLCGAISLAPKAQIKESLRAELRVTE/SAAQALKEAIRAA
182,22,6,1.4605318846838447,0.6838610470294952,0.08957953751087189,25.514412105083466,14.425825119018555,NPPTFSPALLVVTEGDNATFTCSFSNTSESFVLNWYRMSPSNQTDKLAAFPESRFRVTQLPNGRDFHMSVVRARRNDSGTYLCGAISLAPKAQIKESLRAELRVTE/SEDELLKQLIKLS
183,22,7,1.5146154337015962,0.6692523062229156,0.10258687287569046,24.05918252468109,14.770966529846191,NPPTFSPALLVVTEGDNATFTCSFSNTSESFVLNWYRMSPSNQTDKLAAFPESRFRVTQLPNGRDFHMSVVRARRNDSGTYLCGAISLAPKAQIKESLRAELRVTE/SEDEQLKQQILAA
184,23,0,1.4585379717684614,0.727090448141098,0.07472972571849823,26.28465712070465,9.793943405151367,NPPTFSPALLVVTEGDNATFTCSFSNTSESFVLNWYRMSPSNQTDKLAAFPESRFRVTQLPNGRDFHMSVVRARRNDSGTYLCGAISLAPKAQIKESLRAELRVTE/LTPEQRRLALAQE
185,23,1,1.410005164895793,0.6642490029335022,0.15949465334415436,20.40615940093994,5.257754325866699,NPPTFSPALLVVTEGDNATFTCSFSNTSESFVLNWYRMSPSNQTDKLAAFPESRFRVTQLPNGRDFHMSVVRARRNDSGTYLCGAISLAPKAQIKESLRAELRVTE/MTPEERAAALAAE
186,23,2,1.4121278467686553,0.7113012969493866,0.0846422091126442,25.120491564273834,11.126945495605469,NPPTFSPALLVVTEGDNATFTCSFSNTSESFVLNWYRMSPSNQTDKLAAFPESRFRVTQLPNGRDFHMSVVRARRNDSGTYLCGAISLAPKAQIKESLRAELRVTE/LTPAQRAALLAAE
187,23,3,1.3845168799974212,0.5826152861118317,0.15747570991516113,20.57768362760544,6.538557529449463,NPPTFSPALLVVTEGDNATFTCSFSNTSESFVLNWYRMSPSNQTDKLAAFPESRFRVTQLPNGRDFHMSVVRARRNDSGTYLCGAISLAPKAQIKESLRAELRVTE/ASAAERAAALAAE
188,23,4,1.4092684744117991,0.7316688001155853,0.06222723051905632,26.73069328069687,10.739951133728027,NPPTFSPALLVVTEGDNATFTCSFSNTSESFVLNWYRMSPSNQTDKLAAFPESRFRVTQLPNGRDFHMSVVRARRNDSGTYLCGAISLAPKAQIKESLRAELRVTE/PTPEERLAALAAE
189,23,5,1.3047159074870667,0.6184177398681641,0.18577928841114044,19.240589559078217,5.5508646965026855,NPPTFSPALLVVTEGDNATFTCSFSNTSESFVLNWYRMSPSNQTDKLAAFPESRFRVTQLPNGRDFHMSVVRARRNDSGTYLCGAISLAPKAQIKESLRAELRVTE/PTPEQRAAALAAE
190,23,6,1.4036778338345286,0.7384398281574249,0.07993456721305847,25.428177893161774,11.746026992797852,NPPTFSPALLVVTEGDNATFTCSFSNTSESFVLNWYRMSPSNQTDKLAAFPESRFRVTQLPNGRDFHMSVVRARRNDSGTYLCGAISLAPKAQIKESLRAELRVTE/MTPEERLAALAAE
191,23,7,1.4153251499512922,0.6934878528118134,0.08059164881706238,25.090404748916626,8.851520538330078,NPPTFSPALLVVTEGDNATFTCSFSNTSESFVLNWYRMSPSNQTDKLAAFPESRFRVTQLPNGRDFHMSVVRARRNDSGTYLCGAISLAPKAQIKESLRAELRVTE/MTAAERLAALAAE
192,24,0,1.3793278967810922,0.6792187988758087,0.06396134197711945,26.82503354549408,26.522554397583008,NPPTFSPALLVVTEGDNATFTCSFSNTSESFVLNWYRMSPSNQTDKLAAFPESRFRVTQLPNGRDFHMSVVRARRNDSGTYLCGAISLAPKAQIKESLRAELRVTE/SLEEQVEAIIASQ
193,24,1,1.3353788911194093,0.65605229139328,0.1407187581062317,21.66956913471222,11.881709098815918,NPPTFSPALLVVTEGDNATFTCSFSNTSESFVLNWYRMSPSNQTDKLAAFPESRFRVTQLPNGRDFHMSVVRARRNDSGTYLCGAISLAPKAQIKESLRAELRVTE/SLEAKVQAILAAQ
194,24,2,1.328442700904719,0.6869061291217804,0.1173921748995781,22.71759843826294,12.584330558776855,NPPTFSPALLVVTEGDNATFTCSFSNTSESFVLNWYRMSPSNQTDKLAAFPESRFRVTQLPNGRDFHMSVVRARRNDSGTYLCGAISLAPKAQIKESLRAELRVTE/SLEAQVAAILAAQ
195,24,3,1.3915701635366826,0.6991345286369324,0.11471959948539734,23.404452919960022,12.912833213806152,NPPTFSPALLVVTEGDNATFTCSFSNTSESFVLNWYRMSPSNQTDKLAAFPESRFRVTQLPNGRDFHMSVVRARRNDSGTYLCGAISLAPKAQIKESLRAELRVTE/SLEEQVQAILASQ
196,24,4,1.398287286049615,0.6334814131259918,0.16939345002174377,20.254744172096252,11.967610359191895,NPPTFSPALLVVTEGDNATFTCSFSNTSESFVLNWYRMSPSNQTDKLAAFPESRFRVTQLPNGRDFHMSVVRARRNDSGTYLCGAISLAPKAQIKESLRAELRVTE/SLEAQVDAILASQ
197,24,5,1.3680663396325319,0.6283198297023773,0.15795598924160004,21.996887743473053,12.50576114654541,NPPTFSPALLVVTEGDNATFTCSFSNTSESFVLNWYRMSPSNQTDKLAAFPESRFRVTQLPNGRDFHMSVVRARRNDSGTYLCGAISLAPKAQIKESLRAELRVTE/SLEEQVQQIVASQ
198,24,6,1.3447446262579206,0.6991345286369324,0.11471959948539734,23.404452919960022,12.912833213806152,NPPTFSPALLVVTEGDNATFTCSFSNTSESFVLNWYRMSPSNQTDKLAAFPESRFRVTQLPNGRDFHMSVVRARRNDSGTYLCGAISLAPKAQIKESLRAELRVTE/SLEEQVQAILASQ
199,24,7,1.3523827597412137,0.7172267138957977,0.11341187357902527,23.826782524585724,13.405193328857422,NPPTFSPALLVVTEGDNATFTCSFSNTSESFVLNWYRMSPSNQTDKLAAFPESRFRVTQLPNGRDFHMSVVRARRNDSGTYLCGAISLAPKAQIKESLRAELRVTE/SLEEQVQQILASQ
200,25,0,1.5696261673554108,0.5174753069877625,0.06244518235325813,27.137357711791992,16.022464752197266,NPPTFSPALLVVTEGDNATFTCSFSNTSESFVLNWYRMSPSNQTDKLAAFPESRFRVTQLPNGRDFHMSVVRARRNDSGTYLCGAISLAPKAQIKESLRAELRVTE/SAREEALLLNLLL
201,25,1,1.4965058473391164,0.6357400417327881,0.11696681380271912,23.776215314865112,10.656522750854492,NPPTFSPALLVVTEGDNATFTCSFSNTSESFVLNWYRMSPSNQTDKLAAFPESRFRVTQLPNGRDFHMSVVRARRNDSGTYLCGAISLAPKAQIKESLRAELRVTE/SPLEEAELLNKLL
202,25,2,1.4870709008918859,0.7262551188468933,0.07872626185417175,25.869788706302643,14.459712028503418,NPPTFSPALLVVTEGDNATFTCSFSNTSESFVLNWYRMSPSNQTDKLAAFPESRFRVTQLPNGRDFHMSVVRARRNDSGTYLCGAISLAPKAQIKESLRAELRVTE/SAAEEAERLNAEL
203,25,3,1.4905810058113336,0.7208891808986664,0.0679854080080986,26.01448553800583,10.17507553100586,NPPTFSPALLVVTEGDNATFTCSFSNTSESFVLNWYRMSPSNQTDKLAAFPESRFRVTQLPNGRDFHMSVVRARRNDSGTYLCGAISLAPKAQIKESLRAELRVTE/SLAEEAELLNKLL
204,25,4,1.570359738911745,0.5665716528892517,0.05367932468652725,27.8933584690094,27.541994094848633,NPPTFSPALLVVTEGDNATFTCSFSNTSESFVLNWYRMSPSNQTDKLAAFPESRFRVTQLPNGRDFHMSVVRARRNDSGTYLCGAISLAPKAQIKESLRAELRVTE/SALEEARLLGLLL
205,25,5,1.451689650262534,0.6827569305896759,0.05946655571460724,26.557406306266785,19.75281524658203,NPPTFSPALLVVTEGDNATFTCSFSNTSESFVLNWYRMSPSNQTDKLAAFPESRFRVTQLPNGRDFHMSVVRARRNDSGTYLCGAISLAPKAQIKESLRAELRVTE/SAAEEALAANLAL
206,25,6,1.562206330152224,0.6237334311008453,0.07128816843032837,27.1811603307724,36.154850006103516,NPPTFSPALLVVTEGDNATFTCSFSNTSESFVLNWYRMSPSNQTDKLAAFPESRFRVTQLPNGRDFHMSVVRARRNDSGTYLCGAISLAPKAQIKESLRAELRVTE/SPAELAKTLGSLL
207,25,7,1.5016100034029283,0.7406667768955231,0.066670723259449,26.35285919904709,12.352166175842285,NPPTFSPALLVVTEGDNATFTCSFSNTSESFVLNWYRMSPSNQTDKLAAFPESRFRVTQLPNGRDFHMSVVRARRNDSGTYLCGAISLAPKAQIKESLRAELRVTE/SPLQEAEELNKLL
208,26,0,1.4465465809625375,0.6734837591648102,0.1434904932975769,22.975416004657745,5.974556922912598,NPPTFSPALLVVTEGDNATFTCSFSNTSESFVLNWYRMSPSNQTDKLAAFPESRFRVTQLPNGRDFHMSVVRARRNDSGTYLCGAISLAPKAQIKESLRAELRVTE/AEEILQLLEERER
209,26,1,1.3949419799491423,0.5892446935176849,0.15415909886360168,22.698559284210205,5.869821548461914,NPPTFSPALLVVTEGDNATFTCSFSNTSESFVLNWYRMSPSNQTDKLAAFPESRFRVTQLPNGRDFHMSVVRARRNDSGTYLCGAISLAPKAQIKESLRAELRVTE/AEEILALLAEREA
210,26,2,1.3995760049507713,0.726271241903305,0.11489525437355042,24.180693864822388,7.790104389190674,NPPTFSPALLVVTEGDNATFTCSFSNTSESFVLNWYRMSPSNQTDKLAAFPESRFRVTQLPNGRDFHMSVVRARRNDSGTYLCGAISLAPKAQIKESLRAELRVTE/AEEILQLLKEREE
211,26,3,1.4359704382560992,0.5478426814079285,0.1850855052471161,21.083300292491913,11.787344932556152,NPPTFSPALLVVTEGDNATFTCSFSNTSESFVLNWYRMSPSNQTDKLAAFPESRFRVTQLPNGRDFHMSVVRARRNDSGTYLCGAISLAPKAQIKESLRAELRVTE/ASEILQLLAEREA
212,26,4,1.4137346298090068,0.6128553748130798,0.14591974020004272,23.170498967170715,5.075799942016602,NPPTFSPALLVVTEGDNATFTCSFSNTSESFVLNWYRMSPSNQTDKLAAFPESRFRVTQLPNGRDFHMSVVRARRNDSGTYLCGAISLAPKAQIKESLRAELRVTE/AEEILQLLAEREA
213,26,5,1.475070716108378,0.584199070930481,0.09257614612579346,25.427401840686798,8.80624008178711,NPPTFSPALLVVTEGDNATFTCSFSNTSESFVLNWYRMSPSNQTDKLAAFPESRFRVTQLPNGRDFHMSVVRARRNDSGTYLCGAISLAPKAQIKESLRAELRVTE/AEEILELLEEREA
214,26,6,1.370499348503206,0.6128553748130798,0.14591974020004272,23.170498967170715,5.075799942016602,NPPTFSPALLVVTEGDNATFTCSFSNTSESFVLNWYRMSPSNQTDKLAAFPESRFRVTQLPNGRDFHMSVVRARRNDSGTYLCGAISLAPKAQIKESLRAELRVTE/AEEILQLLAEREA
215,26,7,1.3692121747378398,0.6870462000370026,0.13328829407691956,23.256468951702118,6.237538814544678,NPPTFSPALLVVTEGDNATFTCSFSNTSESFVLNWYRMSPSNQTDKLAAFPESRFRVTQLPNGRDFHMSVVRARRNDSGTYLCGAISLAPKAQIKESLRAELRVTE/AEEILQLLKEREA
216,27,0,1.2373643169834279,0.42356806993484497,0.0663578137755394,26.77011674642563,13.707117080688477,NPPTFSPALLVVTEGDNATFTCSFSNTSESFVLNWYRMSPSNQTDKLAAFPESRFRVTQLPNGRDFHMSVVRARRNDSGTYLCGAISLAPKAQIKESLRAELRVTE/EAELLALAAQGLL
217,27,1,1.2259732951077855,0.5441441833972931,0.0656341016292572,27.334308743476868,42.933040618896484,NPPTFSPALLVVTEGDNATFTCSFSNTSESFVLNWYRMSPSNQTDKLAAFPESRFRVTQLPNGRDFHMSVVRARRNDSGTYLCGAISLAPKAQIKESLRAELRVTE/EAALLALAAQGLL
218,27,2,1.1918999709763543,0.4935665726661682,0.061232730746269226,27.377331614494324,18.582441329956055,NPPTFSPALLVVTEGDNATFTCSFSNTSESFVLNWYRMSPSNQTDKLAAFPESRFRVTQLPNGRDFHMSVVRARRNDSGTYLCGAISLAPKAQIKESLRAELRVTE/EALQLALAAQGLL
219,27,3,1.2038660544524962,0.5691546499729156,0.05912117287516594,27.84860795736313,26.528278350830078,NPPTFSPALLVVTEGDNATFTCSFSNTSESFVLNWYRMSPSNQTDKLAAFPESRFRVTQLPNGRDFHMSVVRARRNDSGTYLCGAISLAPKAQIKESLRAELRVTE/EALLLALAAQGLL
220,27,4,1.2009920210724012,0.46941041946411133,0.06348156183958054,26.816443383693695,12.3372802734375,NPPTFSPALLVVTEGDNATFTCSFSNTSESFVLNWYRMSPSNQTDKLAAFPESRFRVTQLPNGRDFHMSVVRARRNDSGTYLCGAISLAPKAQIKESLRAELRVTE/EARQLALAAQGLL
221,27,5,1.3044800163743338,0.5078902542591095,0.09220997244119644,25.263543903827667,11.091264724731445,NPPTFSPALLVVTEGDNATFTCSFSNTSESFVLNWYRMSPSNQTDKLAAFPESRFRVTQLPNGRDFHMSVVRARRNDSGTYLCGAISLAPKAQIKESLRAELRVTE/EARELALLAQGLL
222,27,6,1.2959912747491724,0.5302010774612427,0.07007666677236557,26.790404975414276,13.183501243591309,NPPTFSPALLVVTEGDNATFTCSFSNTSESFVLNWYRMSPSNQTDKLAAFPESRFRVTQLPNGRDFHMSVVRARRNDSGTYLCGAISLAPKAQIKESLRAELRVTE/EARQLALLAQGLL
223,27,7,1.1938367952507616,0.5437673330307007,0.0566825196146965,27.710745930671692,32.37043762207031,NPPTFSPALLVVTEGDNATFTCSFSNTSESFVLNWYRMSPSNQTDKLAAFPESRFRVTQLPNGRDFHMSVVRARRNDSGTYLCGAISLAPKAQIKESLRAELRVTE/DARLLALAAQGLL
224,28,0,1.4974053857362135,0.6680578589439392,0.08781249821186066,24.760796785354614,6.081158638000488,NPPTFSPALLVVTEGDNATFTCSFSNTSESFVLNWYRMSPSNQTDKLAAFPESRFRVTQLPNGRDFHMSVVRARRNDSGTYLCGAISLAPKAQIKESLRAELRVTE/SEFLAAVRAAELA
225,28,1,1.592699847463412,0.6838506162166595,0.11816591769456863,23.868820548057556,4.343504905700684,NPPTFSPALLVVTEGDNATFTCSFSNTSESFVLNWYRMSPSNQTDKLAAFPESRFRVTQLPNGRDFHMSVVRARRNDSGTYLCGAISLAPKAQIKESLRAELRVTE/SEFLELVRKLELE
226,28,2,1.516701151524781,0.5755316615104675,0.10528214275836945,25.35195291042328,6.724145889282227,NPPTFSPALLVVTEGDNATFTCSFSNTSESFVLNWYRMSPSNQTDKLAAFPESRFRVTQLPNGRDFHMSVVRARRNDSGTYLCGAISLAPKAQIKESLRAELRVTE/SEELELIRQLELE
227,28,3,1.5747409313266199,0.5938447713851929,0.19389161467552185,19.609576642513275,2.144552707672119,NPPTFSPALLVVTEGDNATFTCSFSNTSESFVLNWYRMSPSNQTDKLAAFPESRFRVTQLPNGRDFHMSVVRARRNDSGTYLCGAISLAPKAQIKESLRAELRVTE/SEELAAIRQAALE
228,28,4,1.6566948877942227,0.6297946870326996,0.2598594129085541,17.842338860034943,1.6938360929489136,NPPTFSPALLVVTEGDNATFTCSFSNTSESFVLNWYRMSPSNQTDKLAAFPESRFRVTQLPNGRDFHMSVVRARRNDSGTYLCGAISLAPKAQIKESLRAELRVTE/SEELQLIRELAAQ
229,28,5,1.6225473684887781,0.6600193381309509,0.13804665207862854,22.678553760051727,5.222370147705078,NPPTFSPALLVVTEGDNATFTCSFSNTSESFVLNWYRMSPSNQTDKLAAFPESRFRVTQLPNGRDFHMSVVRARRNDSGTYLCGAISLAPKAQIKESLRAELRVTE/SALLEEIRQLQLA
230,28,6,1.5410818583298158,0.6014387309551239,0.24117623269557953,18.488829374313354,4.799582481384277,NPPTFSPALLVVTEGDNATFTCSFSNTSESFVLNWYRMSPSNQTDKLAAFPESRFRVTQLPNGRDFHMSVVRARRNDSGTYLCGAISLAPKAQIKESLRAELRVTE/SAELEAIRAAQLA
231,28,7,1.5300445682420232,0.6133267283439636,0.1470736861228943,22.72271853685379,4.063819408416748,NPPTFSPALLVVTEGDNATFTCSFSNTSESFVLNWYRMSPSNQTDKLAAFPESRFRVTQLPNGRDFHMSVVRARRNDSGTYLCGAISLAPKAQIKESLRAELRVTE/SEFLEQVRQLQLE
232,29,0,1.5070677204643579,0.49483048915863037,0.1350538730621338,22.565758228302002,19.344724655151367,NPPTFSPALLVVTEGDNATFTCSFSNTSESFVLNWYRMSPSNQTDKLAAFPESRFRVTQLPNGRDFHMSVVRARRNDSGTYLCGAISLAPKAQIKESLRAELRVTE/AASLETLQQVLAS
233,29,1,1.5372753108560488,0.5001338124275208,0.0697927474975586,27.01463794708252,20.63456916809082,NPPTFSPALLVVTEGDNATFTCSFSNTSESFVLNWYRMSPSNQTDKLAAFPESRFRVTQLPNGRDFHMSVVRARRNDSGTYLCGAISLAPKAQIKESLRAELRVTE/GASSLLRQQVLSS
234,29,2,1.4947689416281047,0.6347258388996124,0.12333069741725922,23.136685252189636,14.968390464782715,NPPTFSPALLVVTEGDNATFTCSFSNTSESFVLNWYRMSPSNQTDKLAAFPESRFRVTQLPNGRDFHMSVVRARRNDSGTYLCGAISLAPKAQIKESLRAELRVTE/AASAELLEQVRRS
235,29,3,1.483620697494148,0.6863218247890472,0.07349014282226562,26.078083038330078,7.003544330596924,NPPTFSPALLVVTEGDNATFTCSFSNTSESFVLNWYRMSPSNQTDKLAAFPESRFRVTQLPNGRDFHMSVVRARRNDSGTYLCGAISLAPKAQIKESLRAELRVTE/AASLETLLAVLRS
236,29,4,1.4730457973153037,0.5518967509269714,0.09182132035493851,25.41726326942444,16.15747833251953,NPPTFSPALLVVTEGDNATFTCSFSNTSESFVLNWYRMSPSNQTDKLAAFPESRFRVTQLPNGRDFHMSVVRARRNDSGTYLCGAISLAPKAQIKESLRAELRVTE/AASPELLQQVLLS
237,29,5,1.5106395471396663,0.5921257436275482,0.11588121950626373,23.806911885738373,16.766542434692383,NPPTFSPALLVVTEGDNATFTCSFSNTSESFVLNWYRMSPSNQTDKLAAFPESRFRVTQLPNGRDFHMSVVRARRNDSGTYLCGAISLAPKAQIKESLRAELRVTE/GASLETLLQVIRS
238,29,6,1.5477108668379471,0.5774126648902893,0.29784131050109863,16.882531940937042,16.467281341552734,NPPTFSPALLVVTEGDNATFTCSFSNTSESFVLNWYRMSPSNQTDKLAAFPESRFRVTQLPNGRDFHMSVVRARRNDSGTYLCGAISLAPKAQIKESLRAELRVTE/MASQELLEAVLRS
239,29,7,1.4591741023393374,0.5417822897434235,0.12996123731136322,23.2462158203125,17.41580581665039,NPPTFSPALLVVTEGDNATFTCSFSNTSESFVLNWYRMSPSNQTDKLAAFPESRFRVTQLPNGRDFHMSVVRARRNDSGTYLCGAISLAPKAQIKESLRAELRVTE/AASLETLQAVLRS
240,30,0,1.4453507513152195,0.7069635391235352,0.08231846243143082,25.50730937719345,9.799856185913086,NPPTFSPALLVVTEGDNATFTCSFSNTSESFVLNWYRMSPSNQTDKLAAFPESRFRVTQLPNGRDFHMSVVRARRNDSGTYLCGAISLAPKAQIKESLRAELRVTE/SAAEAAARLAALE
241,30,1,1.46657669660655,0.6359654068946838,0.10561485588550568,25.066751778125763,9.933721542358398,NPPTFSPALLVVTEGDNATFTCSFSNTSESFVLNWYRMSPSNQTDKLAAFPESRFRVTQLPNGRDFHMSVVRARRNDSGTYLCGAISLAPKAQIKESLRAELRVTE/EEAEAAARLAALE
242,30,2,1.5612236157658932,0.7199256420135498,0.11834791302680969,23.489820539951324,12.335089683532715,NPPTFSPALLVVTEGDNATFTCSFSNTSESFVLNWYRMSPSNQTDKLAAFPESRFRVTQLPNGRDFHMSVVRARRNDSGTYLCGAISLAPKAQIKESLRAELRVTE/ELLEALQRLAQLE
243,30,3,1.5521549455917414,0.7759702354669571,0.09304007887840271,24.79457724094391,12.687682151794434,NPPTFSPALLVVTEGDNATFTCSFSNTSESFVLNWYRMSPSNQTDKLAAFPESRFRVTQLPNGRDFHMSVVRARRNDSGTYLCGAISLAPKAQIKESLRAELRVTE/SLAEALARLAALE
244,30,4,1.6644332304402243,0.5455149412155151,0.1919984221458435,20.150477826595306,8.253384590148926,NPPTFSPALLVVTEGDNATFTCSFSNTSESFVLNWYRMSPSNQTDKLAAFPESRFRVTQLPNGRDFHMSVVRARRNDSGTYLCGAISLAPKAQIKESLRAELRVTE/DSLLAQQKLAALE
245,30,5,1.5460865806644224,0.8089163452386856,0.06789971888065338,26.722666680812836,17.49516487121582,NPPTFSPALLVVTEGDNATFTCSFSNTSESFVLNWYRMSPSNQTDKLAAFPESRFRVTQLPNGRDFHMSVVRARRNDSGTYLCGAISLAPKAQIKESLRAELRVTE/SLLEALARLLALE
246,30,6,1.6003008931027654,0.7758524715900421,0.10379265248775482,24.688771724700928,13.288775444030762,NPPTFSPALLVVTEGDNATFTCSFSNTSESFVLNWYRMSPSNQTDKLAAFPESRFRVTQLPNGRDFHMSVVRARRNDSGTYLCGAISLAPKAQIKESLRAELRVTE/ELLEALQRLLELE
247,30,7,1.6107434411679877,0.7761987894773483,0.06368005275726318,26.384934186935425,13.918902397155762,NPPTFSPALLVVTEGDNATFTCSFSNTSESFVLNWYRMSPSNQTDKLAAFPESRFRVTQLPNGRDFHMSVVRARRNDSGTYLCGAISLAPKAQIKESLRAELRVTE/ELLEALKKLLALE
248,31,0,1.4834712778197563,0.7482110261917114,0.12087569385766983,23.273460805416107,7.663204193115234,NPPTFSPALLVVTEGDNATFTCSFSNTSESFVLNWYRMSPSNQTDKLAAFPESRFRVTQLPNGRDFHMSVVRARRNDSGTYLCGAISLAPKAQIKESLRAELRVTE/SSLLQLLEELRAR
249,31,1,1.5733144890163568,0.7052278518676758,0.10115645080804825,24.739595770835876,6.142741680145264,NPPTFSPALLVVTEGDNATFTCSFSNTSESFVLNWYRMSPSNQTDKLAAFPESRFRVTQLPNGRDFHMSVVRARRNDSGTYLCGAISLAPKAQIKESLRAELRVTE/SSKLELLKELQAS
250,31,2,1.5470537932581507,0.6781443357467651,0.15464597940444946,22.144884645938873,6.867405414581299,NPPTFSPALLVVTEGDNATFTCSFSNTSESFVLNWYRMSPSNQTDKLAAFPESRFRVTQLPNGRDFHMSVVRARRNDSGTYLCGAISLAPKAQIKESLRAELRVTE/SSLLELLQELQAK
251,31,3,1.4658296715941548,0.5960849523544312,0.1707586795091629,21.02260559797287,3.5733134746551514,NPPTFSPALLVVTEGDNATFTCSFSNTSESFVLNWYRMSPSNQTDKLAAFPESRFRVTQLPNGRDFHMSVVRARRNDSGTYLCGAISLAPKAQIKESLRAELRVTE/SSKQALLAELQAA
252,31,4,1.500908217742761,0.7147085070610046,0.14989033341407776,22.404634952545166,3.4726078510284424,NPPTFSPALLVVTEGDNATFTCSFSNTSESFVLNWYRMSPSNQTDKLAAFPESRFRVTQLPNGRDFHMSVVRARRNDSGTYLCGAISLAPKAQIKESLRAELRVTE/SSLEELLQELRAK
253,31,5,1.5005844888698305,0.5884523093700409,0.268047034740448,17.479621171951294,6.124066352844238,NPPTFSPALLVVTEGDNATFTCSFSNTSESFVLNWYRMSPSNQTDKLAAFPESRFRVTQLPNGRDFHMSVVRARRNDSGTYLCGAISLAPKAQIKESLRAELRVTE/ASKQALLQELQAK
254,31,6,1.4537880455351555,0.5973727107048035,0.23647642135620117,18.284964084625244,4.399798393249512,NPPTFSPALLVVTEGDNATFTCSFSNTSESFVLNWYRMSPSNQTDKLAAFPESRFRVTQLPNGRDFHMSVVRARRNDSGTYLCGAISLAPKAQIKESLRAELRVTE/SAKEALLAELQAK
255,31,7,1.6055702623524573,0.6179121434688568,0.419941782951355,14.07544019818306,8.968144416809082,NPPTFSPALLVVTEGDNATFTCSFSNTSESFVLNWYRMSPSNQTDKLAAFPESRFRVTQLPNGRDFHMSVVRARRNDSGTYLCGAISLAPKAQIKESLRAELRVTE/SSLLELQEELQAE
